{"cameraMode":{"drawMode":0,"name":"Shaded","section":"Shading Mode"},"sceneLighting":true,"audioPlay":false,"sceneViewState":{"m_AlwaysRefresh":false,"showFog":true,"showSkybox":true,"showFlares":true,"showImageEffects":true,"showParticleSystems":true,"showVisualEffectGraphs":true,"m_FxEnabled":true},"in2DMode":false,"pivot":{"x":1.7863343954086304,"y":0.9280818104743958,"z":0.7876856327056885},"rotation":{"x":0.01140777487307787,"y":0.7036836743354797,"z":0.01149106863886118,"w":-0.710472822189331},"size":0.07867175340652466,"orthographic":false}