{"cameraMode":{"drawMode":0,"name":"Shaded","section":"Shading Mode"},"sceneLighting":true,"audioPlay":false,"sceneViewState":{"m_AlwaysRefresh":false,"showFog":true,"showSkybox":true,"showFlares":true,"showImageEffects":true,"showParticleSystems":true,"showVisualEffectGraphs":true,"m_FxEnabled":true},"in2DMode":false,"pivot":{"x":1.0322213172912598,"y":-0.6962043642997742,"z":1.741676926612854},"rotation":{"x":0.01016994845122099,"y":0.8301528692245483,"z":-0.5574104189872742,"w":0.015217600390315056},"size":4.226446151733398,"orthographic":false}